{
  "main": {
    "id": "f33ec33ff48fbe1d",
    "type": "split",
    "children": [
      {
        "id": "5865b5441b1418f4",
        "type": "tabs",
        "children": [
          {
            "id": "e4da3d819a16e62a",
            "type": "leaf",
            "state": {
              "type": "localgraph",
              "state": {
                "file": "Агрегация по ссылке.md",
                "options": {
                  "collapse-filter": true,
                  "search": "",
                  "localJumps": 1,
                  "localBacklinks": true,
                  "localForelinks": true,
                  "localInterlinks": false,
                  "showTags": false,
                  "showAttachments": false,
                  "hideUnresolved": false,
                  "collapse-color-groups": true,
                  "colorGroups": [],
                  "collapse-display": true,
                  "showArrow": false,
                  "textFadeMultiplier": 0,
                  "nodeSizeMultiplier": 1,
                  "lineSizeMultiplier": 1,
                  "collapse-forces": true,
                  "centerStrength": 0.518713248970312,
                  "repelStrength": 10,
                  "linkStrength": 1,
                  "linkDistance": 250,
                  "scale": 1,
                  "close": false
                }
              }
            }
          },
          {
            "id": "56f3302d944b6806",
            "type": "leaf",
            "state": {
              "type": "markdown",
              "state": {
                "file": "Агрегация по ссылке.md",
                "mode": "source",
                "source": false
              }
            }
          }
        ],
        "currentTab": 1
      }
    ],
    "direction": "vertical"
  },
  "left": {
    "id": "88bb43811fb0a2dc",
    "type": "mobile-drawer",
    "children": [
      {
        "id": "55a0d758e8475aa4",
        "type": "leaf",
        "state": {
          "type": "file-explorer",
          "state": {
            "sortOrder": "alphabetical"
          }
        }
      },
      {
        "id": "4a1a12602576aba5",
        "type": "leaf",
        "state": {
          "type": "search",
          "state": {
            "query": "",
            "matchingCase": false,
            "explainSearch": false,
            "collapseAll": false,
            "extraContext": false,
            "sortOrder": "alphabetical"
          }
        }
      },
      {
        "id": "b67c457951ca1831",
        "type": "leaf",
        "state": {
          "type": "tag",
          "state": {
            "sortOrder": "frequency",
            "useHierarchy": true
          }
        }
      },
      {
        "id": "883662dc58e28fea",
        "type": "leaf",
        "state": {
          "type": "bookmarks",
          "state": {}
        }
      }
    ],
    "currentTab": 0
  },
  "right": {
    "id": "9642e3251f282375",
    "type": "mobile-drawer",
    "children": [
      {
        "id": "c9620b33c80338e2",
        "type": "leaf",
        "state": {
          "type": "backlink",
          "state": {
            "file": "Агрегация по ссылке.md",
            "collapseAll": false,
            "extraContext": false,
            "sortOrder": "alphabetical",
            "showSearch": false,
            "searchQuery": "",
            "backlinkCollapsed": true,
            "unlinkedCollapsed": true
          }
        }
      },
      {
        "id": "47151d291948fbc6",
        "type": "leaf",
        "state": {
          "type": "outgoing-link",
          "state": {
            "file": "Агрегация по ссылке.md",
            "linksCollapsed": false,
            "unlinkedCollapsed": true
          }
        }
      },
      {
        "id": "74f795757badebdd",
        "type": "leaf",
        "state": {
          "type": "outline",
          "state": {
            "file": "Агрегация по ссылке.md"
          }
        }
      }
    ]
  },
  "left-ribbon": {
    "hiddenItems": {
      "switcher:Open quick switcher": false,
      "graph:Open graph view": false,
      "canvas:Create new canvas": false,
      "daily-notes:Open today's daily note": false,
      "templates:Insert template": false,
      "command-palette:Open command palette": false
    }
  },
  "active": "55a0d758e8475aa4",
  "lastOpenFiles": [
    "Композиция.md",
    "Агрегация по ссылке.md",
    "Ассоциация.md",
    "Наследование.md",
    "RAII.md",
    "Explicit.md",
    "mutex.md",
    "C++11.md",
    "C++17.md",
    "std shared ptr.md",
    "std unique ptr.md",
    "Темы для изучения.md",
    "Override.md",
    "C++.md",
    "Инкапсуляция.md",
    "Идиома NVI.md",
    "virtual.md",
    "Агрегация.md",
    "files/slide-3 (1).jpg",
    "Untitled",
    "files/847319.pptx.ppt",
    "files/20989.ppt",
    "files/Screenshot_2023-12-26-13-46-15-795_com.android.chrome 1.jpg",
    "ООП.md",
    "files/Screenshot_2023-12-26-13-46-15-795_com.android.chrome.jpg",
    "files/Screenshot_2023-12-26-13-07-07-244_com.android.chrome.jpg",
    "files/Screenshot_2023-12-26-13-07-19-369_com.android.chrome.jpg",
    "files/Screenshot_2023-12-26-13-07-31-341_com.android.chrome.jpg",
    "files/Screenshot_2023-12-26-13-07-38-506_com.android.chrome.jpg"
  ]
}